<?xml version="1.0" encoding="UTF-8" standalone="yes"?>
<addon id="repository.sms" name="Scoot Media Streamer Kodi Addons" version="0.0.1" provider-name="Scott Ware">
	<extension point="xbmc.addon.repository" name="Scoot Media Streamer Addons Repository">
		<info compressed="false">https://github.com/scoot-software/sms-kodi-addons/raw/master/addons.xml</info>
		<checksum>https://github.com/scoot-software/sms-kodi-addons/raw/master/addons.xml.md5</checksum>
		<datadir zip="true">https://github.com/scoot-software/sms-kodi-addons/raw/master/repo/</datadir>
	</extension>
	<extension point="xbmc.addon.metadata">
		<summary>Scoot Media Streamer Addons Repository</summary>
		<description>Official Scoot Media Streamer addons repository for Kodi.</description>
		<platform>all</platform>
	</extension>
</addon>
