<?xml version="1.0" encoding="UTF-8" standalone="yes"?>
<addon id="plugin.video.sms" name="Scoot Media Streamer" version="0.0.2" provider-name="Scott Ware">
  <requires>
    <import addon="xbmc.python" version="2.19.0"/>
    <import addon="script.module.sms" version="0.0.2"/>
  </requires>
  <extension point="xbmc.python.pluginsource" library="addon.py">
    <provides>video</provides>
  </extension>
  <extension point="xbmc.addon.metadata">
    <summary lang="en">The official Kodi video addon for Scoot Media Streamer.</summary>
    <description lang="en">Scoot Media Streamer allows you to stream media from any SMS Server available on the internet. If you have a media server at home with SMS Server installed you can stream your media anywhere to a number of devices. This is the official Kodi addon which allows you to stream media from your SMS Server to any Kodi compatable device.</description>
    <disclaimer lang="en"></disclaimer>
    <language>en</language>
    <platform>all</platform>
    <license>MIT</license>
    <forum></forum>
    <website></website>
    <email>scoot.software@gmail.com</email>
    <source></source>
  </extension>
</addon>
