<?xml version="1.0" encoding="UTF-8" standalone="yes"?>
<addon id="plugin.video.sms" name="Scoot Media Streamer" version="0.0.6" provider-name="Scott Ware">
  <requires>
    <import addon="xbmc.python" version="2.25.0"/>
    <import addon="script.module.requests" version="2.19.1"/>
    <import addon="script.module.bottle" version="0.12.8"/>
  </requires>
  <extension point="xbmc.python.pluginsource" library="addon.py">
    <provides>audio video</provides>
  </extension>
  <extension point="xbmc.service" library="service.py" start="startup" />
  <extension point="xbmc.addon.metadata">
    <summary lang="en">The official Kodi addon for Scoot Media Streamer.</summary>
    <description lang="en">Scoot Media Streamer allows you to stream media from any SMS Server available on the internet. If you have a media server at home with SMS Server installed you can stream your media anywhere to a number of devices. This is the official Kodi addon which allows you to stream media from your SMS Server to any Kodi compatable device.</description>
    <disclaimer lang="en"></disclaimer>
    <language>en</language>
    <platform>all</platform>
    <license>MIT</license>
    <forum></forum>
    <website>https://github.com/scoot-software</website>
    <email>scoot.software@gmail.com</email>
    <source>https://github.com/scoot-software/sms-kodi-addons</source>
    <news>v0.0.6
- Updated for SMS Server v0.6.0
- DSD support
- Playlist support
- Fixed issue with service causing Kodi to hang when quitting</news>
    <assets>
      <icon>resources/icon.png</icon>
      <fanart>resources/fanart.png</fanart>
      <screenshot>resources/screenshot-01.jpg</screenshot>
      <screenshot>resources/screenshot-02.jpg</screenshot>
      <screenshot>resources/screenshot-03.jpg</screenshot>
    </assets>
  </extension>
</addon>
