<?xml version="1.0" encoding="UTF-8" standalone="yes"?>
<addon id="script.module.sms" name="Scoot Media Streamer Library" version="0.0.2" provider-name="Scott Ware">
  <requires>
    <import addon="xbmc.python" version="2.19.0"/>
    <import addon="script.module.requests" version="2.4.3"/>
  </requires>
  <extension point="xbmc.python.module" library="lib" />
  <extension point="xbmc.addon.metadata">
    <summary lang="en">Scoot Media Streamer library for Kodi.</summary>
    <description lang="en">This is the Scoot Media Streamer library for Kodi which is used by the official plugins.</description>
    <platform>all</platform>
    <language>en</language>
    <platform>all</platform>
    <license>MIT</license>
    <forum></forum>
    <website></website>
    <email>scoot.software@gmail.com</email>
    <source></source>
  </extension>
</addon>
